Aadhaar Number,Name,Date of Birth,Gender,Image File
4573 2241 8546,Liam Padmanabhan,27-07-1948,महिला (Female),synthetic_aadhaar_cards/aadhaar_card_1.png
5114 8018 7110,Fitan Narayanan,20-08-1962,पुरुष (Male),synthetic_aadhaar_cards/aadhaar_card_2.png
8418 1115 6704,Alka Sant,02-10-1990,पुरुष (Male),synthetic_aadhaar_cards/aadhaar_card_3.png
3381 8300 6403,Udyati Chacko,18-07-1942,महिला (Female),synthetic_aadhaar_cards/aadhaar_card_4.png
2179 6922 0087,Meera Krish,08-01-1965,महिला (Female),synthetic_aadhaar_cards/aadhaar_card_5.png
7159 9712 0621,Nisha Guha,25-08-2003,पुरुष (Male),synthetic_aadhaar_cards/aadhaar_card_6.png
4937 5493 5366,Nisha Chadha,19-04-1939,महिला (Female),synthetic_aadhaar_cards/aadhaar_card_7.png
3276 9707 4202,Vrinda Rout,23-11-1959,महिला (Female),synthetic_aadhaar_cards/aadhaar_card_8.png
4673 2239 0219,Hemani Sahni,25-12-1995,महिला (Female),synthetic_aadhaar_cards/aadhaar_card_9.png
9335 6057 4459,Isaiah Ratti,13-09-1935,महिला (Female),synthetic_aadhaar_cards/aadhaar_card_10.png
3991 9021 8059,Oviya Badami,08-10-1984,पुरुष (Male),synthetic_aadhaar_cards/aadhaar_card_11.png
4722 9441 8351,Nicholas Lanka,13-09-1988,महिला (Female),synthetic_aadhaar_cards/aadhaar_card_12.png
2682 6247 2900,Bhavini Aurora,26-10-1953,अन्य (Other),synthetic_aadhaar_cards/aadhaar_card_13.png
5764 7047 0697,Darsh Kalla,14-05-2000,महिला (Female),synthetic_aadhaar_cards/aadhaar_card_14.png
4066 8104 3107,Darika Dyal,17-07-1977,पुरुष (Male),synthetic_aadhaar_cards/aadhaar_card_15.png
8786 3807 4691,Rayaan Shah,26-04-1996,पुरुष (Male),synthetic_aadhaar_cards/aadhaar_card_16.png
6842 5766 4626,Gaurangi Chowdhury,28-03-1954,अन्य (Other),synthetic_aadhaar_cards/aadhaar_card_17.png
2993 5352 6793,Aadhya Chhabra,14-09-1936,अन्य (Other),synthetic_aadhaar_cards/aadhaar_card_18.png
2677 3612 8266,Dakshesh Kulkarni,11-01-1952,पुरुष (Male),synthetic_aadhaar_cards/aadhaar_card_19.png
5851 9997 6751,Wridesh Batta,06-05-1945,अन्य (Other),synthetic_aadhaar_cards/aadhaar_card_20.png
5150 0292 7280,Veda Rai,31-01-1945,महिला (Female),synthetic_aadhaar_cards/aadhaar_card_21.png
4746 9872 5764,Yashodhara Varghese,26-05-1945,अन्य (Other),synthetic_aadhaar_cards/aadhaar_card_22.png
2703 4259 4367,Krishna Kapadia,19-05-2000,अन्य (Other),synthetic_aadhaar_cards/aadhaar_card_23.png
9603 2799 2213,Yashasvi Hans,23-09-1978,महिला (Female),synthetic_aadhaar_cards/aadhaar_card_24.png
9588 4579 5005,Eesha Warrior,16-03-1982,पुरुष (Male),synthetic_aadhaar_cards/aadhaar_card_25.png
2342 6843 5032,Indrajit Anand,12-08-1967,पुरुष (Male),synthetic_aadhaar_cards/aadhaar_card_26.png
7360 6129 3526,Qabil Sanghvi,08-07-1949,महिला (Female),synthetic_aadhaar_cards/aadhaar_card_27.png
4293 2225 1871,Faraj Chada,26-12-1963,अन्य (Other),synthetic_aadhaar_cards/aadhaar_card_28.png
9029 0449 9117,Lavanya Chakrabarti,22-08-1945,महिला (Female),synthetic_aadhaar_cards/aadhaar_card_29.png
7756 0674 2361,Bhavna Kanda,15-07-1999,महिला (Female),synthetic_aadhaar_cards/aadhaar_card_30.png
9325 9713 6433,Shivani Madan,18-08-1943,महिला (Female),synthetic_aadhaar_cards/aadhaar_card_31.png
3935 2155 6846,Nidra Chand,01-11-2004,पुरुष (Male),synthetic_aadhaar_cards/aadhaar_card_32.png
5504 3742 8530,Gaurangi Rastogi,15-09-2001,महिला (Female),synthetic_aadhaar_cards/aadhaar_card_33.png
3889 1915 8670,Caleb Naik,26-11-1962,महिला (Female),synthetic_aadhaar_cards/aadhaar_card_34.png
2441 3761 1549,Kavya Sahota,15-05-1994,पुरुष (Male),synthetic_aadhaar_cards/aadhaar_card_35.png
9577 0750 1670,Nandini Bajwa,13-02-1968,महिला (Female),synthetic_aadhaar_cards/aadhaar_card_36.png
5300 4272 1268,Anmol Shah,12-03-1970,अन्य (Other),synthetic_aadhaar_cards/aadhaar_card_37.png
5202 5375 4286,Lila Wali,09-12-1978,पुरुष (Male),synthetic_aadhaar_cards/aadhaar_card_38.png
6153 1397 6706,Sachi Chander,25-11-1966,पुरुष (Male),synthetic_aadhaar_cards/aadhaar_card_39.png
4806 1528 0663,Zashil Munshi,29-09-1950,अन्य (Other),synthetic_aadhaar_cards/aadhaar_card_40.png
8698 5199 4311,Harita Kapoor,22-02-1969,पुरुष (Male),synthetic_aadhaar_cards/aadhaar_card_41.png
7519 8994 7859,Akshay Kaul,18-02-1937,पुरुष (Male),synthetic_aadhaar_cards/aadhaar_card_42.png
4812 3240 2862,William Rajagopalan,26-07-1957,पुरुष (Male),synthetic_aadhaar_cards/aadhaar_card_43.png
4546 0961 7708,Bhanumati Sarin,08-10-1994,महिला (Female),synthetic_aadhaar_cards/aadhaar_card_44.png
8756 2866 2264,Varenya Tara,04-03-1956,महिला (Female),synthetic_aadhaar_cards/aadhaar_card_45.png
7812 1840 1583,Michael Subramanian,03-08-1962,अन्य (Other),synthetic_aadhaar_cards/aadhaar_card_46.png
4289 3908 6193,Nitesh Chaudhry,12-02-1997,पुरुष (Male),synthetic_aadhaar_cards/aadhaar_card_47.png
6166 8475 4567,Advika Raja,25-12-1985,पुरुष (Male),synthetic_aadhaar_cards/aadhaar_card_48.png
3048 7897 8712,Ekavir Chacko,01-02-1984,अन्य (Other),synthetic_aadhaar_cards/aadhaar_card_49.png
2471 5035 0873,Bakhshi Chaudhry,21-10-1984,अन्य (Other),synthetic_aadhaar_cards/aadhaar_card_50.png
3405 6807 6666,Anita Golla,28-02-1987,अन्य (Other),synthetic_aadhaar_cards/aadhaar_card_51.png
8971 3618 5902,Parth Munshi,25-08-1936,पुरुष (Male),synthetic_aadhaar_cards/aadhaar_card_52.png
5023 2715 9265,Unnati Comar,07-02-1962,महिला (Female),synthetic_aadhaar_cards/aadhaar_card_53.png
7217 3951 5031,Yutika Murty,14-12-1951,पुरुष (Male),synthetic_aadhaar_cards/aadhaar_card_54.png
2264 3161 6857,Aayush Sahni,28-11-2006,अन्य (Other),synthetic_aadhaar_cards/aadhaar_card_55.png
6739 4706 5707,Faras Bala,07-09-1955,अन्य (Other),synthetic_aadhaar_cards/aadhaar_card_56.png
9770 4373 7163,Krishna Bansal,26-10-1934,पुरुष (Male),synthetic_aadhaar_cards/aadhaar_card_57.png
4621 9423 4417,Amol Sengupta,24-10-1950,अन्य (Other),synthetic_aadhaar_cards/aadhaar_card_58.png
9720 9116 2150,Vinaya Som,03-06-1980,अन्य (Other),synthetic_aadhaar_cards/aadhaar_card_59.png
9644 3050 3469,Hritik Chaudry,03-10-1986,अन्य (Other),synthetic_aadhaar_cards/aadhaar_card_60.png
6994 2398 1148,Manthan Mishra,06-02-1945,अन्य (Other),synthetic_aadhaar_cards/aadhaar_card_61.png
8623 3674 1343,Yagnesh Gandhi,22-05-1940,महिला (Female),synthetic_aadhaar_cards/aadhaar_card_62.png
8806 2489 8798,Teerth Chokshi,25-06-1948,अन्य (Other),synthetic_aadhaar_cards/aadhaar_card_63.png
4446 6132 6164,Om Setty,16-07-2000,पुरुष (Male),synthetic_aadhaar_cards/aadhaar_card_64.png
3493 5162 0722,Vaishnavi Vora,19-11-1994,अन्य (Other),synthetic_aadhaar_cards/aadhaar_card_65.png
7841 3799 2605,Balendra Kaur,16-09-1969,अन्य (Other),synthetic_aadhaar_cards/aadhaar_card_66.png
8724 5567 6931,Falguni Arora,04-04-1941,अन्य (Other),synthetic_aadhaar_cards/aadhaar_card_67.png
9116 1861 9955,Jagrati Choudhury,04-04-1965,महिला (Female),synthetic_aadhaar_cards/aadhaar_card_68.png
6219 6486 1468,Jonathan Sunder,29-08-1994,पुरुष (Male),synthetic_aadhaar_cards/aadhaar_card_69.png
4139 7258 3594,Girish Naik,25-07-1985,अन्य (Other),synthetic_aadhaar_cards/aadhaar_card_70.png
6067 0506 4381,Charvi Sagar,28-05-1949,महिला (Female),synthetic_aadhaar_cards/aadhaar_card_71.png
2808 3973 4818,Mitali Loyal,25-10-1981,पुरुष (Male),synthetic_aadhaar_cards/aadhaar_card_72.png
4308 3156 2760,Hamsini Chacko,21-04-1966,पुरुष (Male),synthetic_aadhaar_cards/aadhaar_card_73.png
7818 4558 6353,Hitesh Peri,24-08-1995,पुरुष (Male),synthetic_aadhaar_cards/aadhaar_card_74.png
4985 8360 9975,Baghyawati Bhargava,15-07-1951,अन्य (Other),synthetic_aadhaar_cards/aadhaar_card_75.png
5249 7843 4405,Gagan Swamy,17-04-1947,महिला (Female),synthetic_aadhaar_cards/aadhaar_card_76.png
5764 8017 2546,Chandran Seshadri,01-10-1952,अन्य (Other),synthetic_aadhaar_cards/aadhaar_card_77.png
7085 7083 2625,Siddharth Dutta,03-02-1963,अन्य (Other),synthetic_aadhaar_cards/aadhaar_card_78.png
2201 3706 7585,Ojas Lanka,10-07-1935,पुरुष (Male),synthetic_aadhaar_cards/aadhaar_card_79.png
5600 1780 2664,Gautami Guha,15-01-1960,महिला (Female),synthetic_aadhaar_cards/aadhaar_card_80.png
2630 1031 8558,Christopher Natarajan,22-01-1985,महिला (Female),synthetic_aadhaar_cards/aadhaar_card_81.png
3912 1391 9355,Krisha Ram,15-05-1979,अन्य (Other),synthetic_aadhaar_cards/aadhaar_card_82.png
8826 1022 4124,Azaan Sastry,18-09-1986,अन्य (Other),synthetic_aadhaar_cards/aadhaar_card_83.png
9654 3585 7030,Zayan Bajaj,09-07-1993,महिला (Female),synthetic_aadhaar_cards/aadhaar_card_84.png
9154 2095 4659,Fariq Banik,23-08-1942,महिला (Female),synthetic_aadhaar_cards/aadhaar_card_85.png
5428 9464 6316,Kritika Chander,21-02-1960,महिला (Female),synthetic_aadhaar_cards/aadhaar_card_86.png
4203 9111 7965,Vamakshi Balakrishnan,21-05-2004,महिला (Female),synthetic_aadhaar_cards/aadhaar_card_87.png
4174 3998 2268,Kamala Kara,10-03-1977,पुरुष (Male),synthetic_aadhaar_cards/aadhaar_card_88.png
9962 5078 2267,Arjun Dugar,19-10-1934,महिला (Female),synthetic_aadhaar_cards/aadhaar_card_89.png
5288 8875 8825,Warda Iyengar,09-05-1962,महिला (Female),synthetic_aadhaar_cards/aadhaar_card_90.png
9949 3944 0661,Yashawini Arya,30-12-1986,महिला (Female),synthetic_aadhaar_cards/aadhaar_card_91.png
2471 4103 2835,Nakul Sethi,11-08-1955,पुरुष (Male),synthetic_aadhaar_cards/aadhaar_card_92.png
3668 6119 8760,Yochana Ray,03-11-1987,महिला (Female),synthetic_aadhaar_cards/aadhaar_card_93.png
6245 3300 3703,Frado Naidu,14-01-1973,अन्य (Other),synthetic_aadhaar_cards/aadhaar_card_94.png
5960 7652 0548,Qarin Balay,18-07-1951,महिला (Female),synthetic_aadhaar_cards/aadhaar_card_95.png
6158 5749 1095,Jairaj Gola,13-11-1964,पुरुष (Male),synthetic_aadhaar_cards/aadhaar_card_96.png
6283 2691 6454,Barkha Munshi,03-08-1987,महिला (Female),synthetic_aadhaar_cards/aadhaar_card_97.png
4611 7729 4617,Pahal Purohit,03-06-1955,अन्य (Other),synthetic_aadhaar_cards/aadhaar_card_98.png
3974 5772 3359,Tanish Golla,28-12-1972,अन्य (Other),synthetic_aadhaar_cards/aadhaar_card_99.png
5792 8156 0216,Yash Lad,05-04-1967,महिला (Female),synthetic_aadhaar_cards/aadhaar_card_100.png
8732 4686 4196,Ekiya Dara,29-10-1947,महिला (Female),synthetic_aadhaar_cards/aadhaar_card_101.png
7388 2644 7680,Rachita Subramaniam,06-05-1943,महिला (Female),synthetic_aadhaar_cards/aadhaar_card_102.png
7029 3563 5302,Ekbal Amble,02-06-1975,अन्य (Other),synthetic_aadhaar_cards/aadhaar_card_103.png
6256 4948 1192,Avni Narasimhan,16-07-1953,अन्य (Other),synthetic_aadhaar_cards/aadhaar_card_104.png
8543 6794 6217,Anamika Mand,11-12-1985,पुरुष (Male),synthetic_aadhaar_cards/aadhaar_card_105.png
7220 0910 8643,Advik Sanghvi,19-05-1965,पुरुष (Male),synthetic_aadhaar_cards/aadhaar_card_106.png
7627 8389 5633,Siya Kata,21-06-1963,अन्य (Other),synthetic_aadhaar_cards/aadhaar_card_107.png
4341 9521 8068,Warjas Muni,06-01-1949,पुरुष (Male),synthetic_aadhaar_cards/aadhaar_card_108.png
9214 7626 2081,Hemang Mallick,24-08-1987,पुरुष (Male),synthetic_aadhaar_cards/aadhaar_card_109.png
5020 2598 2060,Dayamai Chaudhary,14-10-1938,पुरुष (Male),synthetic_aadhaar_cards/aadhaar_card_110.png
5309 5012 6672,Nirja Datta,22-04-1969,पुरुष (Male),synthetic_aadhaar_cards/aadhaar_card_111.png
3946 6726 8322,Abdul Johal,20-09-1967,पुरुष (Male),synthetic_aadhaar_cards/aadhaar_card_112.png
5279 4123 9496,Saksham Morar,26-04-1992,महिला (Female),synthetic_aadhaar_cards/aadhaar_card_113.png
8684 1487 7420,Divya Nazareth,27-08-1954,अन्य (Other),synthetic_aadhaar_cards/aadhaar_card_114.png
6808 5515 7723,Yutika Grewal,07-11-1950,पुरुष (Male),synthetic_aadhaar_cards/aadhaar_card_115.png
9641 9028 7959,Bakhshi Sami,15-09-1940,अन्य (Other),synthetic_aadhaar_cards/aadhaar_card_116.png
2960 9665 8455,Gaurav Sule,01-04-1958,महिला (Female),synthetic_aadhaar_cards/aadhaar_card_117.png
4755 0168 2761,Ryan Puri,14-06-1969,अन्य (Other),synthetic_aadhaar_cards/aadhaar_card_118.png
8876 4109 2926,Ranveer Trivedi,12-11-1962,महिला (Female),synthetic_aadhaar_cards/aadhaar_card_119.png
6108 6338 4133,Wazir Pradhan,23-02-1995,महिला (Female),synthetic_aadhaar_cards/aadhaar_card_120.png
7493 5133 1514,Omya Gulati,09-10-2001,अन्य (Other),synthetic_aadhaar_cards/aadhaar_card_121.png
2831 5067 0506,Darsh Dora,20-05-1991,अन्य (Other),synthetic_aadhaar_cards/aadhaar_card_122.png
6567 0507 4700,Arya Mander,07-04-1953,महिला (Female),synthetic_aadhaar_cards/aadhaar_card_123.png
8857 7433 3790,Megha Bajwa,02-01-1953,महिला (Female),synthetic_aadhaar_cards/aadhaar_card_124.png
5542 8367 0777,Ikshita Varma,26-02-1962,पुरुष (Male),synthetic_aadhaar_cards/aadhaar_card_125.png
8480 6803 7982,Pahal Kapoor,27-02-1998,महिला (Female),synthetic_aadhaar_cards/aadhaar_card_126.png
7664 2714 2051,Chatura Saran,30-12-1960,पुरुष (Male),synthetic_aadhaar_cards/aadhaar_card_127.png
5619 2839 0235,Nirja Date,20-03-1941,महिला (Female),synthetic_aadhaar_cards/aadhaar_card_128.png
4942 6682 0650,Elijah Balakrishnan,19-01-1973,महिला (Female),synthetic_aadhaar_cards/aadhaar_card_129.png
9327 0514 6103,Nirja Venkataraman,13-09-1964,अन्य (Other),synthetic_aadhaar_cards/aadhaar_card_130.png
2073 5565 5996,Vasudha Kar,10-10-1960,पुरुष (Male),synthetic_aadhaar_cards/aadhaar_card_131.png
5529 5803 0931,Girish Rastogi,05-12-1984,अन्य (Other),synthetic_aadhaar_cards/aadhaar_card_132.png
2143 3219 0651,Yagnesh Srinivasan,13-12-2001,पुरुष (Male),synthetic_aadhaar_cards/aadhaar_card_133.png
7158 5070 8943,Jackson Luthra,10-03-1976,महिला (Female),synthetic_aadhaar_cards/aadhaar_card_134.png
9594 4620 3264,Ishaan Sem,15-11-1989,अन्य (Other),synthetic_aadhaar_cards/aadhaar_card_135.png
7706 3416 9562,Divya Lata,24-08-1977,पुरुष (Male),synthetic_aadhaar_cards/aadhaar_card_136.png
7695 0728 3448,Ikshita Khanna,03-05-1971,अन्य (Other),synthetic_aadhaar_cards/aadhaar_card_137.png
4106 4805 6026,Urvashi Lalla,14-05-1968,पुरुष (Male),synthetic_aadhaar_cards/aadhaar_card_138.png
3851 6437 9099,Atharv Basak,08-11-2003,पुरुष (Male),synthetic_aadhaar_cards/aadhaar_card_139.png
3709 4424 6746,Karan Misra,07-07-1979,अन्य (Other),synthetic_aadhaar_cards/aadhaar_card_140.png
9034 9756 8037,Praneel Parmar,02-06-1979,महिला (Female),synthetic_aadhaar_cards/aadhaar_card_141.png
4704 8574 2522,Nisha Prakash,21-05-1939,अन्य (Other),synthetic_aadhaar_cards/aadhaar_card_142.png
3777 0541 2812,Patrick Deol,15-04-1944,महिला (Female),synthetic_aadhaar_cards/aadhaar_card_143.png
3189 7579 9123,Nikita Virk,24-06-1934,पुरुष (Male),synthetic_aadhaar_cards/aadhaar_card_144.png
4465 5251 8878,Janani Deo,02-06-1973,अन्य (Other),synthetic_aadhaar_cards/aadhaar_card_145.png
5167 4306 0306,Aadhya Varty,14-09-2000,अन्य (Other),synthetic_aadhaar_cards/aadhaar_card_146.png
8049 9976 8526,Bahadurjit Dhillon,15-12-1947,पुरुष (Male),synthetic_aadhaar_cards/aadhaar_card_147.png
8548 0995 0763,Wyatt Mann,09-02-1960,पुरुष (Male),synthetic_aadhaar_cards/aadhaar_card_148.png
9101 7021 3787,Vamakshi Bhatia,28-11-1979,पुरुष (Male),synthetic_aadhaar_cards/aadhaar_card_149.png
6444 4804 4857,Sanaya Bhat,18-08-1997,पुरुष (Male),synthetic_aadhaar_cards/aadhaar_card_150.png
9861 1032 4464,Gaurika Bumb,23-03-1935,पुरुष (Male),synthetic_aadhaar_cards/aadhaar_card_151.png
4797 0171 2972,Damyanti Wali,23-04-1950,अन्य (Other),synthetic_aadhaar_cards/aadhaar_card_152.png
5766 7367 5310,Ekapad Lall,29-03-1959,अन्य (Other),synthetic_aadhaar_cards/aadhaar_card_153.png
2203 1721 3671,Eesha Karan,20-09-1961,महिला (Female),synthetic_aadhaar_cards/aadhaar_card_154.png
5028 0063 8842,Nisha Majumdar,12-07-1969,अन्य (Other),synthetic_aadhaar_cards/aadhaar_card_155.png
7107 8044 7066,Saanvi Choudhary,01-05-1946,महिला (Female),synthetic_aadhaar_cards/aadhaar_card_156.png
6321 4773 4615,Vanya Savant,19-06-1966,अन्य (Other),synthetic_aadhaar_cards/aadhaar_card_157.png
9268 6504 7137,Chandresh Chandra,07-12-1966,महिला (Female),synthetic_aadhaar_cards/aadhaar_card_158.png
7356 7950 8015,Banjeet Viswanathan,12-04-1996,पुरुष (Male),synthetic_aadhaar_cards/aadhaar_card_159.png
3861 3931 9320,William Andra,09-08-1995,अन्य (Other),synthetic_aadhaar_cards/aadhaar_card_160.png
7954 8231 5102,Nikita Gour,18-08-2005,अन्य (Other),synthetic_aadhaar_cards/aadhaar_card_161.png
2717 2667 5891,Baljiwan Gulati,22-08-1955,पुरुष (Male),synthetic_aadhaar_cards/aadhaar_card_162.png
3148 8147 1416,Dhriti Andra,11-06-1978,महिला (Female),synthetic_aadhaar_cards/aadhaar_card_163.png
9107 9763 5485,Faraj Boase,30-01-1948,पुरुष (Male),synthetic_aadhaar_cards/aadhaar_card_164.png
2136 6396 9289,Aahana Koshy,12-07-1999,पुरुष (Male),synthetic_aadhaar_cards/aadhaar_card_165.png
7976 8862 0898,Fariq Banik,05-11-1975,महिला (Female),synthetic_aadhaar_cards/aadhaar_card_166.png
8463 4555 6672,Tarak Mammen,27-05-1949,महिला (Female),synthetic_aadhaar_cards/aadhaar_card_167.png
5575 4539 6633,Urvashi Bobal,27-02-1972,अन्य (Other),synthetic_aadhaar_cards/aadhaar_card_168.png
9785 6192 3716,Harrison Wali,05-07-1983,महिला (Female),synthetic_aadhaar_cards/aadhaar_card_169.png
3930 7765 4003,Vedika Narula,11-03-2007,महिला (Female),synthetic_aadhaar_cards/aadhaar_card_170.png
2057 6918 3285,Onveer Sengupta,03-05-1945,अन्य (Other),synthetic_aadhaar_cards/aadhaar_card_171.png
2686 9156 8850,Amrita Tank,15-11-1980,पुरुष (Male),synthetic_aadhaar_cards/aadhaar_card_172.png
5177 8311 7761,Sai Datta,17-11-1979,महिला (Female),synthetic_aadhaar_cards/aadhaar_card_173.png
5788 4014 0495,Yachana Dhar,15-02-1995,अन्य (Other),synthetic_aadhaar_cards/aadhaar_card_174.png
9422 0777 9107,Owen Sidhu,03-01-1947,महिला (Female),synthetic_aadhaar_cards/aadhaar_card_175.png
9495 5053 5961,Tristan Kumar,04-03-1982,अन्य (Other),synthetic_aadhaar_cards/aadhaar_card_176.png
2983 9217 6226,Panini Guha,17-10-1970,पुरुष (Male),synthetic_aadhaar_cards/aadhaar_card_177.png
6127 0874 0591,Max Naidu,26-08-1944,महिला (Female),synthetic_aadhaar_cards/aadhaar_card_178.png
2179 7113 3710,Warhi Zacharia,30-09-1973,पुरुष (Male),synthetic_aadhaar_cards/aadhaar_card_179.png
6562 9360 0468,Patrick Bora,06-12-1974,पुरुष (Male),synthetic_aadhaar_cards/aadhaar_card_180.png
5092 8945 4755,Wyatt Taneja,28-04-1989,पुरुष (Male),synthetic_aadhaar_cards/aadhaar_card_181.png
2830 2633 5394,Bhavya Andra,21-03-1990,पुरुष (Male),synthetic_aadhaar_cards/aadhaar_card_182.png
8759 0246 0054,Girish Pingle,01-07-1934,महिला (Female),synthetic_aadhaar_cards/aadhaar_card_183.png
2765 7313 8897,Hemani Khatri,02-06-1967,महिला (Female),synthetic_aadhaar_cards/aadhaar_card_184.png
6200 3049 2080,Isaiah Sami,29-08-1989,पुरुष (Male),synthetic_aadhaar_cards/aadhaar_card_185.png
9783 8385 9448,Zaitra Grover,20-02-1936,अन्य (Other),synthetic_aadhaar_cards/aadhaar_card_186.png
2578 0135 7572,Zinal Borah,13-05-1984,महिला (Female),synthetic_aadhaar_cards/aadhaar_card_187.png
3099 1882 2586,Ikshita Vaidya,25-10-2001,अन्य (Other),synthetic_aadhaar_cards/aadhaar_card_188.png
9998 6037 5251,Yahvi Andra,12-02-2005,पुरुष (Male),synthetic_aadhaar_cards/aadhaar_card_189.png
4174 7548 4451,Nakul Kakar,15-02-1981,अन्य (Other),synthetic_aadhaar_cards/aadhaar_card_190.png
8552 3889 1588,Hritik Mutti,30-06-1952,पुरुष (Male),synthetic_aadhaar_cards/aadhaar_card_191.png
6573 0106 1804,Panini Dash,29-01-2004,पुरुष (Male),synthetic_aadhaar_cards/aadhaar_card_192.png
5714 5217 0489,Simon Narayan,08-12-1988,महिला (Female),synthetic_aadhaar_cards/aadhaar_card_193.png
9315 9063 7324,Gayathri Singhal,20-05-1947,पुरुष (Male),synthetic_aadhaar_cards/aadhaar_card_194.png
2313 5744 2791,Yug Vohra,10-06-1978,पुरुष (Male),synthetic_aadhaar_cards/aadhaar_card_195.png
4328 9528 6138,Nandini Koshy,10-05-2006,अन्य (Other),synthetic_aadhaar_cards/aadhaar_card_196.png
5019 2845 3262,Niharika Borah,14-02-1986,अन्य (Other),synthetic_aadhaar_cards/aadhaar_card_197.png
8968 4792 4215,Rayaan Mukhopadhyay,06-08-2006,पुरुष (Male),synthetic_aadhaar_cards/aadhaar_card_198.png
2700 7758 4200,Pallavi Bobal,14-08-1990,अन्य (Other),synthetic_aadhaar_cards/aadhaar_card_199.png
8777 4550 5461,Bhavini Wali,06-01-1969,महिला (Female),synthetic_aadhaar_cards/aadhaar_card_200.png
